subject,label
Follow-up on supply chain review,not_spam
Photos from Leeds trip,not_spam
New articles you might like,not_spam
Double your bitcoin in 3 days,spam
Click here to claim your inheritance,spam
Re: customer survey results - next steps,not_spam
Thoughts on new pasta recipe,not_spam
Proposal for app redesign,not_spam
Hotel booking confirmed - Manchester,not_spam
Statement available: Brightpath Education account,not_spam
Appointment confirmation with Lakeside Studios,not_spam
Update on partnership proposal,not_spam
Enlarge your... limited time deal inside,spam
Photos from Bristol trip,not_spam
Lose 10 lbs in 30 days - guaranteed,spam
Update on vendor contract,not_spam
Can you send me that recipe?,not_spam
Statement available: Redstone Capital account,not_spam
Claim your free gift card before it's gone,spam
Thanks for your help with client migration,not_spam
Feedback needed on product launch,not_spam
Status update: expense report,not_spam
Notes from today's meeting on training program,not_spam
Get 75% OFF everything today only,spam
Your Amazon order #447596 has an issue,spam
FREE smartwatch - limited time offer,spam
Latest release notes from Meridian Partners,not_spam
Pinecrest Systems newsletter - August edition,not_spam
Re: client migration - next steps,not_spam
Quick question about training program,not_spam
Elena shared a document with you: client migration,not_spam
Draft agenda for partnership proposal kickoff,not_spam
Your order from Copperfield Retail has shipped,not_spam
Your invoice from Vantage Group is ready,not_spam
Happy birthday!,not_spam
Follow-up on marketing campaign,not_spam
FREE AirPods - limited time offer,spam
Robert shared a document with you: supply chain review,not_spam
Can we reschedule our call about website redesign?,not_spam
Appointment confirmation with Bluebird Media,not_spam
Draft agenda for onboarding checklist kickoff,not_spam
Delivery scheduled for tomorrow,not_spam
Feedback needed on vendor contract,not_spam
Lose 30 lbs in 30 days - guaranteed,spam
Your weekly digest from Solstice Design,not_spam
hiking trip this weekend - you in?,not_spam
Congrats on the new job!,not_spam
Notes from today's meeting on town hall meeting,not_spam
Feedback needed on website redesign,not_spam
Re: vendor contract - next steps,not_spam
Hotel booking confirmed - Dublin,not_spam
Proposal for Q3 budget review,not_spam
Feedback needed on press release draft,not_spam
Catching up soon?,not_spam
What's new on our platform this month,not_spam
Latest release notes from Pinecrest Systems,not_spam
Flight confirmation for your trip to Austin,not_spam
Your monthly summary is ready,not_spam
Re: Q3 budget review - next steps,not_spam
Reminder: annual report due Friday,not_spam
Follow-up on sprint retrospective,not_spam
Your Amazon order #965938 has an issue,spam
Photos from Seattle trip,not_spam
Your weekly digest from Bluebird Media,not_spam
Cheap VPN subscription - buy 1 get 3 free,spam
Lose 15 lbs in 7 days - guaranteed,spam
Act now: your refund of $10000 is waiting,spam
Your invoice from Northwind Logistics is ready,not_spam
Follow-up on hiring plan,not_spam
Password changed successfully,not_spam
website redesign - final version attached,not_spam
Nigerian prince needs your help - urgent,spam
Victor shared a document with you: onboarding checklist,not_spam
Your Amazon order #415076 has an issue,spam
Quick question about office relocation,not_spam
Michael shared a document with you: website redesign,not_spam
Your weekly digest from Ironwood Tech,not_spam
choir rehearsal this weekend - you in?,not_spam
Exclusive investment opportunity - 60% returns guaranteed,spam
Hotel booking confirmed - Amsterdam,not_spam
Thanks for your help with product launch,not_spam
Proposal for town hall meeting,not_spam
Thanks for dinner last night,not_spam
Draft agenda for customer survey results kickoff,not_spam
Proposal for annual report,not_spam
Priya shared a document with you: customer survey results,not_spam
Receipt for your recent purchase - Harborview Consulting,not_spam
Latest release notes from Solstice Design,not_spam
Receipt for your recent purchase - Northwind Logistics,not_spam
security audit - final version attached,not_spam
Claim your free weight loss pills before it's gone,spam
Thanks for your help with training program,not_spam
Your Amazon order #426053 has an issue,spam
Your weekly digest from Redstone Capital,not_spam
Can we reschedule our call about onboarding checklist?,not_spam
Your invoice from Solstice Design is ready,not_spam
Your Amazon order #879850 has an issue,spam
Photos from Amsterdam trip,not_spam
Thanks for your help with partnership proposal,not_spam
Get 70% OFF everything today only,spam
Receipt for your recent purchase - Solstice Design,not_spam
Flight confirmation for your trip to Vancouver,not_spam
Notes from today's meeting on expense report,not_spam
You've WON a PlayStation 5! Claim now,spam
Your order from Meridian Partners has shipped,not_spam
Re: Final notice - payment overdue,spam
Action items from product launch meeting,not_spam
"Job opportunity - earn $750 daily, no experience",spam
Status update: marketing campaign,not_spam
Make $2500 a week working from home,spam
Thoughts on BBQ this Saturday,not_spam
Action items from town hall meeting meeting,not_spam
Reminder: training program due Friday,not_spam
Community update from Brightpath Education,not_spam
Quick question about hiring plan,not_spam
Photos from Austin trip,not_spam
Quick question about security audit,not_spam
Act now: your refund of $5000 is waiting,spam
hiring plan - final version attached,not_spam
Last chance: 99% discount expires tonight,spam
Lose 20 lbs in 3 days - guaranteed,spam
Lose 10 lbs in 14 days - guaranteed,spam
Receipt for your recent purchase - Brightpath Education,not_spam
Act now: your refund of $1000 is waiting,spam
Upcoming events near Toronto,not_spam
Are we still on for coffee tomorrow?,not_spam
Upcoming events near Dublin,not_spam
Chen shared a document with you: website redesign,not_spam
Appointment confirmation with Copperfield Retail,not_spam
FREE VPN subscription - limited time offer,spam
Photos from Manchester trip,not_spam
Copperfield Retail newsletter - August edition,not_spam
You've WON a free cruise! Claim now,spam
Cheap Viagra - buy 1 get 3 free,spam
Exclusive investment opportunity - 75% returns guaranteed,spam
Exclusive investment opportunity - 90% returns guaranteed,spam
Sophie's wedding invitation,not_spam
Latest release notes from Lakeside Studios,not_spam
Your invoice from Harborview Consulting is ready,not_spam
WARNING: suspicious login detected on your account,spam
chess tournament this weekend - you in?,not_spam
Family reunion planning,not_spam
Action items from app redesign meeting,not_spam
Last chance: 60% discount expires tonight,spam
Draft agenda for annual report kickoff,not_spam
pottery class this weekend - you in?,not_spam
Exclusive investment opportunity - 70% returns guaranteed,spam
Community update from Redstone Capital,not_spam
Your Amazon order #250840 has an issue,spam
Verify your identity to avoid account closure,spam
Your order from Northwind Logistics has shipped,not_spam
Your package could not be delivered - action required,spam
Lose 15 lbs in 14 days - guaranteed,spam
Your invoice from Lakeside Studios is ready,not_spam
Act now: your refund of $500 is waiting,spam
Proposal for hiring plan,not_spam
Receipt for your recent purchase - Bluebird Media,not_spam
This week in tech: 5 stories worth reading,not_spam
You've WON a MacBook Pro! Claim now,spam
Reminder: vendor contract due Friday,not_spam
Photos from Toronto trip,not_spam
Cascade Analytics newsletter - August edition,not_spam
Your prescription is ready for pickup,not_spam
You've WON a luxury vacation! Claim now,spam
Re: security audit - next steps,not_spam
Get 90% OFF everything today only,spam
Proposal for supply chain review,not_spam
Update on office relocation,not_spam
Reminder: partnership proposal due Friday,not_spam
Feedback needed on office relocation,not_spam
Your reading list for the week,not_spam
Proposal for vendor contract,not_spam
Community update from Pinecrest Systems,not_spam
"Congratulations, you qualify for a free VPN subscription",spam
Lose 30 lbs in 14 days - guaranteed,spam
Get 60% OFF everything today only,spam
Question about the trip to Manchester,not_spam
Hotel booking confirmed - Prague,not_spam
Status update: client migration,not_spam
Get 80% OFF everything today only,spam
Your weekly digest from Willowbrook Farms,not_spam
Appointment confirmation with Solstice Design,not_spam
Meet local singles tonight for free,spam
Flight confirmation for your trip to Dublin,not_spam
Statement available: Silverline Insurance account,not_spam
Update on security audit,not_spam
Your invoice from Pinecrest Systems is ready,not_spam
Your credit score has changed dramatically,spam
Get 99% OFF everything today only,spam
Appointment confirmation with Silverline Insurance,not_spam
Quick question about press release draft,not_spam
Last chance: 75% discount expires tonight,spam
Claim your free VPN subscription before it's gone,spam
Thoughts on farmers market haul,not_spam
Thanks for your help with supply chain review,not_spam
Bluebird Media newsletter - August edition,not_spam
Your parcel is out for delivery,not_spam
FREE gift card - limited time offer,spam
Dinner next week?,not_spam
Make $1000 a week working from home,spam
Claim your free AirPods before it's gone,spam
Question about the trip to Berlin,not_spam
Your Amazon order #349119 has an issue,spam
Statement available: Bluebird Media account,not_spam
Notes from today's meeting on customer survey results,not_spam
Feedback needed on annual report,not_spam
Upcoming events near Edinburgh,not_spam
Your weekly digest from Brightpath Education,not_spam
Statement available: Solstice Design account,not_spam
Utility bill for this month is available,not_spam
Community update from Solstice Design,not_spam
Hotel booking confirmed - Toronto,not_spam
Statement available: Copperfield Retail account,not_spam
Receipt for your recent purchase - Willowbrook Farms,not_spam
Statement available: Vantage Group account,not_spam
Lose 15 lbs in 30 days - guaranteed,spam
Your Amazon order #280564 has an issue,spam
Your PayPal account has been limited - verify now,spam
Free trial ends today - don't miss out,spam
Quick question about town hall meeting,not_spam
Flight confirmation for your trip to Manchester,not_spam
Re: office relocation - next steps,not_spam
Draft agenda for product launch kickoff,not_spam
Appointment confirmation with Northwind Logistics,not_spam
Proposal for product launch,not_spam
Hotel booking confirmed - Edinburgh,not_spam
"Job opportunity - earn $500 daily, no experience",spam
Get 50% OFF everything today only,spam
Cheap smartwatch - buy 1 get 3 free,spam
Michael's wedding invitation,not_spam
Can we reschedule our call about customer survey results?,not_spam
"Congratulations, you qualify for a free smartwatch",spam
Question about the trip to Toronto,not_spam
Grace's wedding invitation,not_spam
Get rich quick with this one weird trick,spam
Thoughts on weekend brunch,not_spam
Lose 10 lbs in 3 days - guaranteed,spam
Exclusive investment opportunity - 80% returns guaranteed,spam
Action items from marketing campaign meeting,not_spam
Exclusive investment opportunity - 50% returns guaranteed,spam
"Congratulations, you qualify for a free AirPods",spam
Lose 15 lbs in 3 days - guaranteed,spam
Thoughts on garden tomatoes,not_spam
"Job opportunity - earn $5000 daily, no experience",spam
Congratulations! You are our lucky winner,spam
Status update: product launch,not_spam
Your Amazon order #382507 has an issue,spam
Status update: security audit,not_spam
Quick question about marketing campaign,not_spam
Follow-up on training program,not_spam
Hotel booking confirmed - Seattle,not_spam
Feedback needed on partnership proposal,not_spam
Lose 20 lbs in 14 days - guaranteed,spam
Thanks for your help with expense report,not_spam
Upcoming events near Melbourne,not_spam
Long time no talk,not_spam
Can we reschedule our call about town hall meeting?,not_spam
Status update: sprint retrospective,not_spam
Photos from Prague trip,not_spam
Action items from customer survey results meeting,not_spam
Your Amazon order #151685 has an issue,spam
URGENT: Your account will be suspended,spam
Can we reschedule our call about expense report?,not_spam
Update on town hall meeting,not_spam
Community update from Willowbrook Farms,not_spam
You have 1 unread message from your bank,spam
Thanks for your help with marketing campaign,not_spam
Your Apple ID was used to sign in,spam
Update on Q3 budget review,not_spam
Make $10000 a week working from home,spam
Re: app redesign - next steps,not_spam
Claire's wedding invitation,not_spam
Re: partnership proposal - next steps,not_spam
Make $5000 a week working from home,spam
Your subscription payment failed - update now,spam
Your order from Harborview Consulting has shipped,not_spam
Draft agenda for website redesign kickoff,not_spam
You've been selected for a special reward,spam
Act now: your refund of $2500 is waiting,spam
Make $750 a week working from home,spam
Your Amazon order #881975 has an issue,spam
Draft agenda for vendor contract kickoff,not_spam
"Job opportunity - earn $1000 daily, no experience",spam
Thanks for your help with app redesign,not_spam
Your order from Bluebird Media has shipped,not_spam
annual report - final version attached,not_spam
Can we reschedule our call about vendor contract?,not_spam
You have been pre-approved for a loan,spam
Sophie shared a document with you: annual report,not_spam
Can we reschedule our call about training program?,not_spam
Flight confirmation for your trip to Prague,not_spam
Claim your free Viagra before it's gone,spam
IRS Notice: you owe back taxes,spam
Re: website redesign - next steps,not_spam
Question about the trip to Lisbon,not_spam
Dentist appointment reminder,not_spam
Your order from Solstice Design has shipped,not_spam
Reminder: onboarding checklist due Friday,not_spam
Your weekly digest from Harborview Consulting,not_spam
Follow-up on product launch,not_spam
Update on supply chain review,not_spam
Your Amazon order #738221 has an issue,spam
Update on app redesign,not_spam
Appointment confirmation with Cascade Analytics,not_spam
Cheap AirPods - buy 1 get 3 free,spam
supply chain review - final version attached,not_spam
Lakeside Studios newsletter - August edition,not_spam
Your order from Silverline Insurance has shipped,not_spam
Notes from today's meeting on security audit,not_spam
Double your bitcoin in 30 days,spam
You've WON a $1000 gift card! Claim now,spam
Upcoming events near Prague,not_spam
Your computer has a virus - call now,spam
Moving weekend - need help?,not_spam
Double your bitcoin in 7 days,spam
Your Netflix account is on hold - update billing,spam
Your table reservation is confirmed,not_spam
Thoughts on holiday baking,not_spam
Elena's wedding invitation,not_spam
Your Amazon order #537017 has an issue,spam
Redstone Capital newsletter - August edition,not_spam
Latest release notes from Silverline Insurance,not_spam
"Congratulations, you qualify for a free Viagra",spam
Flight confirmation for your trip to Toronto,not_spam
Your invoice from Willowbrook Farms is ready,not_spam
Latest release notes from Copperfield Retail,not_spam
"Congratulations, you qualify for a free weight loss pills",spam
David shared a document with you: office relocation,not_spam
Laura shared a document with you: supply chain review,not_spam
Notes from today's meeting on sprint retrospective,not_spam
Action items from onboarding checklist meeting,not_spam
Community update from Vantage Group,not_spam
Meridian Partners newsletter - August edition,not_spam
Your gift card balance is waiting,spam
Draft agenda for app redesign kickoff,not_spam
Aisha's wedding invitation,not_spam
Claim your free smartwatch before it's gone,spam
Upcoming events near Singapore,not_spam
Receipt for your recent purchase - Cascade Analytics,not_spam
Thanks for your help with town hall meeting,not_spam
Zoe's wedding invitation,not_spam
Your subscription renewal reminder,not_spam
Re: press release draft - next steps,not_spam
Photos from Vancouver trip,not_spam
Status update: vendor contract,not_spam
Upcoming events near Seattle,not_spam
Upcoming events near Bristol,not_spam
Action items from hiring plan meeting,not_spam
Quick question about product launch,not_spam
Appointment confirmation with Harborview Consulting,not_spam
Hot singles in your area want to meet you,spam
Statement available: Willowbrook Farms account,not_spam
Reminder: customer survey results due Friday,not_spam
Update on client migration,not_spam
Quick question about website redesign,not_spam
Can we reschedule our call about partnership proposal?,not_spam
office relocation - final version attached,not_spam
Notes from today's meeting on press release draft,not_spam
Lose 30 lbs in 3 days - guaranteed,spam
Thoughts on cheese tasting night,not_spam
Can we reschedule our call about client migration?,not_spam
James's wedding invitation,not_spam
Yusuf's wedding invitation,not_spam
Your order from Willowbrook Farms has shipped,not_spam
Act now: your refund of $750 is waiting,spam
Follow-up on annual report,not_spam
Last chance: 90% discount expires tonight,spam
Update on hiring plan,not_spam
Question about the trip to Amsterdam,not_spam
"Job opportunity - earn $10000 daily, no experience",spam
FREE weight loss pills - limited time offer,spam
Can we reschedule our call about marketing campaign?,not_spam
Receipt for your recent purchase - Pinecrest Systems,not_spam
免费赠品 claim your prize now,spam
You've WON a iPhone 17! Claim now,spam
Follow-up on customer survey results,not_spam
Notes from today's meeting on vendor contract,not_spam
Cheap gift card - buy 1 get 3 free,spam
Your Amazon order #748276 has an issue,spam
Re: sprint retrospective - next steps,not_spam
Question about the trip to Leeds,not_spam
Action items from vendor contract meeting,not_spam
Lose 10 lbs in 7 days - guaranteed,spam
"Congratulations, you qualify for a free gift card",spam
"This is not a scam, please read urgent message",spam
Follow-up on expense report,not_spam
Your Amazon order #818119 has an issue,spam
Double your bitcoin in 14 days,spam
Thanks for your help with Q3 budget review,not_spam
Flight confirmation for your trip to Melbourne,not_spam
Status update: hiring plan,not_spam
Feedback needed on expense report,not_spam
Proposal for partnership proposal,not_spam
customer survey results - final version attached,not_spam
Reminder: expense report due Friday,not_spam
Make $500 a week working from home,spam
Latest release notes from Cascade Analytics,not_spam
Thanks for your help with sprint retrospective,not_spam
Priya's wedding invitation,not_spam
Flight confirmation for your trip to Berlin,not_spam
